{
    "id": 1,
    "firstName": "Jane",
    "lastName": "Doe",
    "avatar": "jane_doe.jpg",
    "email": "janed@example.com",
    "home": "edmonton, ab",
    "bio": "Morbi mattis fermentum scelerisque. Nam sed urna a ante accumsan posuere blandit at odio. Proin sit amet scelerisque dolor. Nulla ut risus a nulla hendrerit tincidunt sed nec lectus. Praesent sit amet sem quis risus vehicula dignissim in et justo. Sed interdum tellus at dapibus vehicula. Mauris tellus dolor, volutpat in lorem at, ultrices fermentum enim. Sed egestas lorem eu justo pulvinar cursus. Donec tempus rhoncus tellus, ut feugiat tortor semper sit amet. Pellentesque sit amet lobortis lorem. Praesent egestas, tellus sed convallis laoreet, metus enim accumsan ipsum, nec ornare risus purus eu est. Suspendisse posuere ligula quis ante pharetra pharetra. Quisque id urna dignissim, tempus ipsum et, sodales neque. "
}