{
    "id": 2,
    "firstName": "Tom",
    "lastName": "Jones",
    "avatar": "tommy_gun.jpg",
    "email": "tomj@example.com",
    "home": "edmonton, ab",
    "bio": "Curabitur porttitor quam enim, non condimentum diam viverra sit amet. Maecenas blandit suscipit dolor vitae posuere. Maecenas id ligula eget quam varius cursus. Aenean rhoncus, quam posuere aliquet ullamcorper, nunc est laoreet tortor, et semper augue metus vitae nulla. Praesent ac placerat nibh. Quisque maximus diam quis dui molestie, vitae vulputate ligula pellentesque. Integer non tortor ante. Duis lobortis mi a augue scelerisque aliquet. Mauris bibendum a erat non interdum. Duis volutpat venenatis imperdiet. Aliquam dictum bibendum quam, vel malesuada eros rhoncus in. "
}