{
    "id": 3,
    "firstName": "Clark",
    "lastName": "Kent",
    "avatar": "supes.jpg",
    "email": "clarkk@example.com",
    "home": "edmonton, ab",
    "bio": "Maecenas id orci vel velit commodo iaculis. Maecenas enim sem, dictum eget nibh eget, feugiat tristique massa. Ut rhoncus neque sit amet euismod blandit. Nulla a tellus libero. Fusce in massa eget turpis sollicitudin egestas. Cras imperdiet, tortor quis condimentum dictum, lacus tortor interdum justo, eget pretium lacus nisl et metus. Integer tristique elementum rutrum. Aenean sit amet risus varius, convallis erat id, lobortis sapien. "
}