{
    "id": 4,
    "firstName": "Sally",
    "lastName": "Anne",
    "avatar": "sally.jpg",
    "email": "sallya@example.com",
    "home": "edmonton, ab",
    "bio": "Lorem ipsum dolor sit amet, consectetur adipiscing elit. In lacinia nibh at enim suscipit ultrices. Duis vulputate lectus quis tincidunt eleifend. Suspendisse potenti. Cras auctor dignissim tortor, vel efficitur neque bibendum non. Mauris maximus est ligula, a tempus neque bibendum ac. Fusce bibendum, leo at molestie hendrerit, turpis odio faucibus arcu, efficitur hendrerit orci neque eu nisl. Aliquam tincidunt accumsan nisl, sed rutrum libero auctor non. Nullam dapibus, est sit amet pharetra volutpat, ligula metus scelerisque augue, sed semper erat arcu a purus. Donec scelerisque aliquet nulla, vitae faucibus lectus scelerisque sit amet. Aenean vel laoreet urna, non gravida tellus. "
}